<?xml version="1.0" encoding="UTF-8"?>
<root>
  <item name="yanzhikai.ruler.BooheeRuler mStyle">
    <annotation name="android.support.annotation.IntDef">
      <val name="value" val="{yanzhikai.ruler.BooheeRuler.TOP_HEAD, yanzhikai.ruler.BooheeRuler.BOTTOM_HEAD, yanzhikai.ruler.BooheeRuler.LEFT_HEAD, yanzhikai.ruler.BooheeRuler.RIGHT_HEAD}" />
    </annotation>
  </item>
  <item name="yanzhikai.ruler.BooheeRuler.RulerStyle">
    <annotation name="android.support.annotation.IntDef">
      <val name="value" val="{yanzhikai.ruler.BooheeRuler.TOP_HEAD, yanzhikai.ruler.BooheeRuler.BOTTOM_HEAD, yanzhikai.ruler.BooheeRuler.LEFT_HEAD, yanzhikai.ruler.BooheeRuler.RIGHT_HEAD}" />
    </annotation>
  </item>
</root>

